username,mac_address,ip_address
jleggon0,16-69-0B-63-43-35,203.35.254.245
pjumel1,61-B3-F7-C9-62-AB,180.84.1.249
groke2,8A-27-0A-9B-79-D8,253.110.235.99
nbraithwaite3,D3-91-3E-DB-AF-89,248.51.46.160
ngiovanitti4,A4-FF-D2-5A-59-B8,154.41.37.223
hevanson5,1B-7C-5B-F9-B1-8C,168.11.126.182
bgerren6,6A-B0-4A-21-0C-5A,248.190.209.154
odawidowitz7,55-A0-18-77-8B-99,199.208.66.105
salejandri8,2C-F9-34-B4-C8-1E,231.242.0.139
jduigan9,1A-DC-40-15-E7-2A,120.202.172.110
unussena,9B-12-64-4E-F6-91,175.132.240.95
kbartodb,59-66-F0-B1-E7-32,47.254.191.135
gfiguresc,33-F0-24-78-1A-F6,190.15.173.251
ctrimmingd,E9-A3-56-62-E2-B7,17.206.52.171
pmatteae,1C-86-28-BE-FE-7C,39.119.127.9
rsuffef,70-D5-DF-F6-0C-5C,246.1.60.234
isketchleyg,79-A7-20-02-B4-DB,185.165.123.207
dvondrysh,9F-41-60-73-6C-34,204.113.144.135
lduckworthi,85-05-55-0E-35-A6,17.165.236.42
rboguej,2B-C7-29-EF-93-3E,178.176.226.205
bmarderk,53-23-82-D2-0E-48,12.42.58.228
fbruffelll,08-BE-79-55-C2-8E,31.1.119.52
mkubesm,4D-A1-DF-12-EE-9C,147.176.196.201
rwoltmann,0D-0C-39-08-94-F5,9.232.26.14
emickleborougho,70-E4-4E-FF-95-0D,193.96.221.2
jbettesonp,3B-7B-0A-C1-8E-A8,240.225.172.51
ckunnekeq,DD-BE-D7-9C-7E-8F,61.39.234.141
mmendozar,78-FA-B8-E1-C2-B6,98.192.238.208
bpickless,12-05-54-1D-87-D5,228.48.145.213
avandenoordt,52-F4-89-C3-90-31,139.236.31.19
dplayhillu,B5-18-99-92-92-CF,119.94.26.40
htarquiniov,08-C7-14-DA-0E-18,87.108.78.13
cdayerw,7F-38-4A-04-99-31,214.151.186.179
vmedewayx,79-35-B7-77-9A-E8,72.150.200.65
bclendeningy,28-3E-4A-1C-8B-93,211.25.163.133
chullotz,43-87-D4-32-6D-32,92.75.157.155
tmckague10,7C-67-D8-57-0E-65,151.190.18.221
nwellan11,3F-C8-D8-B5-18-E2,192.101.246.159
lbresnen12,94-B3-B1-84-8B-FE,109.131.233.129
kfroud13,BE-74-E3-47-7F-5F,190.213.214.166
mfittis14,90-81-17-6C-2A-F9,212.154.61.153
kdust15,09-C5-20-C5-72-26,206.49.198.41
rnicklin16,16-9D-28-18-2D-F5,168.13.65.28
jsmallcomb17,B1-FE-7D-D8-D1-09,193.221.242.70
cdarlaston18,1A-BB-2B-48-3D-B6,170.70.57.22
pdunsmuir19,44-B7-01-02-8B-06,154.187.24.90
iguerry1a,94-20-82-66-8F-A8,100.226.28.115
cschutter1b,9B-E1-F9-4F-B3-24,224.138.11.69
djudkins1c,01-F7-7A-BA-57-77,205.235.197.92
ppartner1d,E6-75-83-C4-71-04,82.218.87.236
inewman1e,CC-82-70-E0-41-A8,130.222.237.254
wdelue1f,9A-32-25-64-15-75,128.30.184.42
aewbanche1g,27-2E-7A-D7-E9-ED,66.103.0.42
rciottoi1h,CA-C6-CF-19-62-22,193.124.97.118
jgodar1i,A5-D8-9A-32-51-44,147.119.2.173
relsegood1j,20-7A-9B-A9-11-DB,183.166.249.238
piorizzi1k,37-73-12-1C-BD-D9,154.76.167.70
smorgon1l,86-D5-6E-58-F3-9D,255.199.34.214
dpopescu1m,BF-2F-ED-48-93-CF,218.218.86.15
drishworth1n,0A-41-1B-13-C8-2C,217.49.56.159
nvasilyonok1o,63-29-6F-5C-1B-05,108.8.25.99
hdugan1p,57-20-5B-17-67-CA,69.73.182.58
kvedenisov1q,6E-B6-D7-18-41-AD,110.40.132.164
hbiddell1r,F3-BF-9C-D0-7F-97,66.175.167.181
nsiggery1s,79-0C-2C-AC-F7-31,42.186.98.82
mvinsen1t,19-FE-20-AF-0D-E6,176.158.6.220
ckleinfeld1u,1C-DD-3C-76-D6-93,255.81.50.120
rnibley1v,CC-B8-82-0B-2D-D2,8.189.225.169
gogglebie1w,BB-F3-FA-52-5C-F8,140.238.180.98
faldred1x,45-D8-62-51-08-83,102.142.253.16
cbroadbury1y,7F-66-E9-C1-3F-95,212.195.183.141
wrichmond1z,B9-7C-88-2B-3F-7E,250.18.190.247
ltimmins20,10-51-B8-7F-A8-E5,18.87.72.221
mvasiliu21,2E-DE-E4-30-FA-67,166.77.149.143
kmaggi22,41-CC-47-57-BE-FB,124.127.2.113
eomullen23,80-9F-0C-70-40-09,141.237.199.114
mlordon24,E6-F6-47-2F-22-99,173.209.97.35
pyurenev25,74-3F-C1-A9-A3-3A,164.125.69.140
prodenburgh26,01-EE-6C-BD-39-C9,236.191.40.204
cgilffillan27,55-BD-50-8A-E9-C9,72.39.45.46
drowaszkiewicz28,01-7C-B3-23-C7-3F,134.38.243.238
bdeviney29,F2-0F-6F-86-48-50,101.124.9.124
padamou2a,F6-D5-AD-FA-02-DA,123.74.33.134
cissacov2b,2B-BB-AE-43-C0-A7,4.94.142.84
nfallen2c,8C-84-C5-A7-29-1C,92.173.171.31
wkarle2d,50-DC-EC-0F-D0-B6,136.121.112.183
mcovotti2e,DD-0C-79-9C-7D-7C,236.100.18.200
agarroway2f,E0-B0-65-63-AD-D8,190.193.255.254
rtoppes2g,4D-FF-4E-49-27-19,124.33.237.234
pmellmer2h,6E-58-1F-3F-5D-F7,171.162.207.184
lhabberjam2i,77-9C-A0-9D-C1-88,75.176.103.10
ssimester2j,20-E4-7C-E5-8C-C0,202.145.89.76
rjefferys2k,C2-47-2F-E7-79-55,215.165.148.71
rivan2l,73-40-36-7E-03-67,226.39.169.220
kbrecken2m,EA-D7-3E-12-52-59,145.31.23.115
wcrowhurst2n,F8-4E-A0-55-3E-17,19.10.24.164
rmilkin2o,6E-B2-8B-01-15-40,152.211.108.212
nblant2p,B4-07-76-B9-07-4D,23.13.223.137
tsheryne2q,A9-35-6E-39-23-2D,74.114.180.231
zchace2r,30-58-69-8E-CE-4E,60.100.214.167
domrod2s,1C-E7-CF-90-01-BC,11.183.216.195
pcottee2t,C0-02-0F-47-B0-E0,4.24.23.126
araycroft2u,6B-95-66-E2-20-01,93.67.94.133
rcater2v,63-6D-F3-A6-74-87,240.190.26.44
rhubbock2w,72-6A-58-04-52-AC,215.234.85.240
eproud2x,9E-EB-9F-36-7C-0C,115.31.254.193
epaslow2y,7C-E7-76-1D-25-E4,0.47.190.101
cboschmann2z,34-54-80-9B-20-09,81.43.105.59
odonner30,8F-E7-8A-E8-3E-07,46.204.47.183
chartigan31,BA-17-58-A1-5A-78,242.6.248.50
cbowld32,F1-6A-60-F4-F8-CD,32.159.204.88
cdacombe33,4B-64-70-8D-24-31,250.216.5.189
mwiburn34,11-8B-09-F7-B3-3C,12.109.143.139
gtremberth35,FE-64-9E-E5-47-9D,167.155.206.42
smaasz36,29-E1-B3-F3-DE-2B,39.5.188.195
astickel37,56-B9-23-25-1F-18,22.226.90.91
gmacphaden38,33-B7-F6-98-66-89,12.142.151.30
cridger39,99-CB-62-AB-32-45,42.79.211.200
vnewarte3a,57-02-FF-D5-C9-1A,232.197.4.244
dcristofari3b,9C-06-04-7E-FE-70,89.152.10.220
dflag3c,54-03-42-B0-FD-D5,189.142.7.197
jjohanning3d,6E-12-11-A1-AC-D1,154.147.189.41
rchadburn3e,6B-41-51-01-F5-90,248.56.125.52
abedson3f,F2-82-A2-78-58-67,28.173.210.193
sdeverale3g,62-54-7C-5B-F8-52,237.106.167.165
smarr3h,A6-99-34-42-05-07,113.35.237.64
kcroll3i,C5-04-AF-CB-0D-68,235.144.153.194
cmethingam3j,A1-D5-5C-45-C6-A4,104.172.211.100
tclemmensen3k,C2-2F-69-A8-C6-8D,225.200.167.173
abemlott3l,61-32-26-3D-A1-E7,250.199.135.42
kwhitcombe3m,2B-F7-CC-FF-C1-06,24.192.16.58
edroogan3n,45-21-67-1D-5D-36,8.188.5.130
denns3o,06-01-6C-4B-C4-F1,99.165.144.17
mcharville3p,CF-30-70-2E-75-B6,221.30.208.108
lfuxman3q,0A-AC-BF-1D-02-9C,243.37.100.67
lbraisted3r,C2-ED-B3-D7-02-3E,236.230.191.35
smulholland3s,8D-65-30-B0-E2-35,78.84.108.163
hcreser3t,03-BD-0A-7A-D4-4A,23.119.164.143
ledwards3u,F9-E2-CF-DB-A6-02,194.183.233.204
adixey3v,97-AA-20-F2-37-2B,234.41.218.5
benglishby3w,1B-38-AC-FA-19-04,70.109.179.232
kdomingues3x,43-BB-4A-91-53-B0,64.122.92.232
smcclenaghan3y,B5-76-08-83-D5-72,96.160.16.62
emccorkindale3z,09-E3-C4-C1-94-61,205.134.213.166
gstrother40,78-FB-8C-20-5F-37,67.173.208.64
dhooke41,31-8C-5C-10-B1-28,71.156.215.148
irubenczyk42,13-12-96-2E-97-3E,196.28.36.253
jtorresi43,4C-4C-08-9F-64-8A,248.19.216.107
rrosiello44,57-9E-54-97-FC-48,79.239.78.56
cpina45,0E-F0-E5-23-BD-81,176.69.77.63
jshovelin46,28-61-73-24-0A-11,58.100.47.55
aharty47,F5-5C-DD-B2-80-BC,173.155.123.221
dgyngyll48,2D-4C-AB-D1-EA-CF,178.103.98.155
aarnaut49,7E-E3-54-74-30-D7,44.37.166.234
iglavias4a,97-67-6E-F6-0D-61,21.71.58.195
cmclafferty4b,D6-26-42-24-EF-C2,182.60.17.114
egillard4c,07-1A-0C-7C-86-59,80.243.192.215
bpicheford4d,91-BC-F7-0A-19-98,88.63.31.171
jburgne4e,83-D7-8F-30-A8-67,96.91.98.105
randrock4f,4D-D3-7B-DC-76-22,254.234.93.67
lbenediktovich4g,71-B1-33-AA-3B-E6,191.3.136.176
gdraisey4h,B6-15-87-A2-1E-24,19.234.74.4
agercke4i,25-E6-28-69-05-33,131.48.252.96
mdurban4j,07-E7-3A-38-98-29,235.174.245.158
tmcvaugh4k,46-91-B6-AC-CD-B8,161.201.39.26
leckert4l,57-44-F1-6D-23-99,35.128.94.77
otradewell4m,92-98-B9-73-E0-47,113.237.74.166
csenner4n,EB-21-31-6D-A7-8B,186.142.190.52
llegg4o,5E-74-C5-B6-6A-03,5.203.167.123
ssaxby4p,4A-4B-C1-7C-5D-34,178.166.199.128
lminster4q,1A-3E-FE-14-F9-9C,71.27.157.10
motson4r,06-80-24-99-98-12,49.149.2.56
sdeans4s,D6-10-85-64-61-8A,182.134.207.132
adonnelly4t,35-09-82-47-B1-4E,249.131.108.71
lhouldey4u,E4-2C-30-36-9B-DD,253.232.108.253
lcatterick4v,2F-1B-84-F8-74-98,11.166.20.113
vmuncey4w,BB-B4-73-0F-8F-6B,182.37.32.251
khubble4x,27-0D-BA-50-68-6C,16.2.64.27
hpaviour4y,C8-B9-CE-0B-EB-3C,126.157.243.252
rcockran4z,3C-EF-3F-9A-B0-EA,18.171.142.191
vstert50,8E-82-8E-BD-E4-E5,216.37.129.81
pstead51,C1-98-1E-45-76-11,198.72.89.170
santonchik52,2A-AD-79-BB-45-27,23.63.112.249
nedbrooke53,6D-A8-AA-7C-2F-2C,224.172.194.130
edonisthorpe54,BA-73-B5-B0-F7-4E,43.3.237.214
gsandey55,01-4B-C7-ED-C3-7D,74.19.191.25
tbrammer56,F9-8E-01-34-99-A0,14.209.9.124
hbeckinsall57,CC-95-CB-FA-5F-54,108.134.204.252
eapfelmann58,E5-7D-36-6C-77-39,13.179.107.242
gweippert59,6B-F2-E6-D9-16-62,221.99.20.33
hwiltshear5a,6E-D2-D7-C2-FF-C4,140.75.83.73
bdunthorn5b,60-74-6C-E7-D2-A6,237.91.73.215
barlow5c,78-CC-43-01-6B-70,29.246.78.77
aosharry5d,98-42-9B-4F-6B-2D,22.103.61.16
cbisp5e,99-DA-74-F5-BC-97,210.94.129.183
ltoller5f,32-4D-2C-AD-F3-06,176.244.81.129
aboom5g,29-EF-E8-46-D3-D4,22.236.42.70
bshingfield5h,13-74-CE-27-F0-4A,18.113.5.166
salgar5i,68-08-B8-08-C9-0D,252.223.5.0
ahabbergham5j,AE-5A-79-F9-A1-2B,224.192.111.85
mclitheroe5k,13-94-B0-69-64-3C,233.121.186.169
lbushel5l,6F-76-A1-81-F9-25,163.6.231.119
msidry5m,D9-7F-0C-8A-92-44,44.61.56.17
mgerg5n,FB-5D-4D-DC-B3-1E,110.122.197.36
lwhate5o,1F-87-37-9B-4D-FE,25.39.15.209
kwoofinden5p,09-4B-76-49-61-D8,158.39.91.150
hbeet5q,59-A9-21-AB-A4-0A,96.144.162.6
mhews5r,A9-F8-6E-0E-3B-D5,17.177.101.242
mgurwood5s,69-10-9E-E9-79-98,126.124.11.186
treeders5t,BB-2F-02-86-DB-32,125.116.200.3
rdowers5u,A1-4B-37-1C-6B-DE,178.121.118.41
ysomerbell5v,FC-2B-F0-D8-25-90,234.41.129.1
wspargo5w,C1-27-58-3C-B1-AF,26.144.228.109
pcullity5x,89-23-B8-DD-AC-07,226.214.91.155
gtwaits5y,58-9F-7C-35-C0-15,222.198.26.222
nnaton5z,80-0E-AA-73-C9-73,201.41.46.179
htilby60,9A-98-94-86-AB-01,190.94.189.199
kmeates61,11-1E-CB-72-19-7E,221.82.135.210
mvallender62,6D-AE-EA-46-BF-F6,235.54.229.52
rstonary63,30-C1-D9-38-CD-0D,59.196.6.103
jfranz64,89-58-CB-B6-E6-63,243.48.72.199
aperry65,CF-BB-45-CD-38-34,55.189.247.123
ccoverly66,91-AC-5C-D3-22-43,160.132.225.65
sgarred67,D2-7C-44-1F-2B-54,251.198.39.146
gdellenty68,28-37-A9-59-20-F5,53.112.217.102
tsenner69,B3-7C-63-D8-85-C1,195.66.196.48
ejordine6a,B8-3C-2A-76-BB-70,242.232.17.142
omargetson6b,85-C3-82-C3-64-77,21.176.136.126
bturpie6c,63-04-44-5C-F7-C4,49.40.169.55
ashipton6d,2B-19-D0-54-F6-CE,119.10.200.211
rofficer6e,D5-D4-26-C1-9A-A9,230.225.119.155
fyaakov6f,0F-2D-89-F5-2F-38,161.146.38.8
shambric6g,A0-78-EB-BA-4D-25,184.89.139.79
fkamien6h,DB-D1-67-61-85-BB,236.136.227.255
mfeldmark6i,96-0D-25-F6-54-02,103.78.117.190
cdarke6j,A8-31-17-00-D3-F4,60.69.167.255
sbrager6k,09-B4-CC-D9-C0-C2,136.49.118.67
mmcquarrie6l,35-71-A3-55-E8-01,107.205.240.191
mmullaney6m,AA-7E-4A-A0-6A-8F,192.31.223.210
lblann6n,EF-07-0E-63-12-DE,169.7.103.45
ggioan6o,EF-71-FA-4B-A4-F9,210.141.72.62
ajerrold6p,77-E9-4C-C4-F8-2C,195.231.108.186
chacquel6q,AA-75-16-47-10-AC,250.223.246.10
sjewar6r,36-24-62-39-EC-2A,95.218.2.178
tsteeden6s,CC-46-E8-A9-BB-9E,132.25.148.243
ameffen6t,BF-7A-38-BD-AA-99,39.200.217.168
msealey6u,06-C3-E5-72-B6-80,217.41.18.152
lshermore6v,E1-00-C0-62-EE-7A,245.155.55.219
nmbarron6w,6F-7C-25-31-96-E8,78.209.7.15
lscalia6x,42-94-9B-5F-FE-27,94.150.191.143
dlefrank6y,F8-5F-56-6B-67-AD,229.255.203.145
sbrewett6z,D2-F2-61-AD-DF-0C,81.18.36.175
vhoodspeth70,F1-FB-C6-7F-59-45,59.68.24.195
tsmithyman71,B0-B2-53-9F-34-2C,78.225.21.31
upattison72,59-33-7B-44-86-E0,255.205.237.185
rjoder73,F7-9A-6D-5B-92-7C,63.123.115.149
datton74,CB-37-52-B5-EB-F4,190.57.205.224
dscreech75,71-26-C3-E9-B2-19,70.243.139.35
lpagett76,4D-25-7F-D2-F4-D5,30.142.67.177
cfilisov77,F5-A2-7E-AC-53-E0,254.11.159.137
jiori78,A1-43-FD-55-1F-23,125.240.37.208
ablackford79,5E-34-36-BB-F6-76,9.41.1.159
rhum7a,A1-2E-EA-02-EB-78,211.127.55.70
wpaddon7b,BC-08-23-98-A3-BD,205.224.114.139
nhankin7c,F5-37-01-DC-AD-E6,87.166.109.214
awalles7d,2E-B8-DB-65-1A-6F,3.241.75.38
galeswell7e,D1-88-65-FA-FC-15,108.100.82.210
hsicely7f,6E-D3-16-92-06-E6,45.44.24.192
agianinotti7g,8B-A9-88-7A-E1-85,173.217.13.114
sstammirs7h,99-3C-AD-B1-F9-5F,98.207.24.53
bemig7i,D5-9B-70-9D-3A-5C,52.222.79.202
hmatsell7j,ED-42-FD-0A-89-3A,125.31.143.95
lwillbond7k,D1-95-49-43-77-9E,86.173.115.3
bduffer7l,3A-E5-16-99-0B-3F,49.241.237.92
mdoward7m,67-7D-90-87-4D-1D,83.13.79.213
garonow7n,E5-FB-2D-81-D8-CB,217.140.75.15
wtroucher7o,C0-B4-07-B1-B9-E9,64.86.221.170
ftompkinson7p,12-54-35-1F-1A-87,85.171.154.168
tscinelli7q,37-0E-81-79-3A-89,199.245.49.114
kharland7r,51-7F-A5-23-5D-68,46.166.255.1
tburmaster7s,57-2F-BB-F5-39-86,41.241.116.57
wcaroli7t,34-E7-CE-78-D5-75,1.142.43.175
lmccalum7u,3D-B9-7F-07-B7-F4,77.199.95.158
mdametti7v,73-B2-D0-21-7F-98,18.190.4.207
mdoswell7w,AE-FE-F6-68-F6-CB,235.128.211.201
rpickles7x,A9-58-BE-84-49-E3,40.209.168.149
acronkshaw7y,FE-1B-6A-A2-89-13,192.131.71.40
ericht7z,52-26-28-66-EE-BF,154.42.39.205
mthurlow80,2E-FF-52-79-09-A3,28.174.12.76
mmatthewman81,A7-5C-A2-28-7C-2A,219.181.31.174
bferonet82,17-54-FF-37-A8-FE,25.174.222.8
goby83,7B-5C-0D-67-96-6F,211.243.176.15
epetriello84,6D-72-DE-44-04-DD,130.213.95.143
tcoughan85,DE-3D-C4-6F-E0-83,98.247.108.21
krives86,9D-E4-7A-B5-42-C0,64.237.61.0
ifortoun87,1A-C9-15-BC-EC-9D,151.193.139.169
mdedney88,E2-AB-4F-38-44-52,209.13.91.5
rlinfitt89,27-F6-7D-9B-58-D2,90.240.59.123
aemnoney8a,CD-BD-D2-BB-17-5D,138.68.164.204
dburris8b,AD-17-AF-F9-DC-FA,131.104.110.43
mmerrisson8c,DE-91-75-5A-2F-21,34.117.177.10
fshelborne8d,CB-7A-68-91-2C-4C,181.232.130.62
scharlo8e,21-89-03-F4-10-2F,81.83.51.50
nnewart8f,31-74-75-87-4F-D0,129.119.225.179
bsoftley8g,65-2B-FE-88-52-58,213.92.237.139
abartolomieu8h,5E-34-40-20-01-D7,83.231.125.206
mtabart8i,04-19-3B-E3-74-FA,125.100.73.95
jyesipov8j,75-96-A4-26-A6-CD,41.134.26.112
jblundan8k,2C-1F-76-C0-DF-D1,55.229.116.28
fclipston8l,CA-CE-D7-55-F1-7A,38.118.124.91
elowton8m,59-62-99-3E-FD-8F,135.92.133.167
hmccreery8n,28-C7-17-D1-AB-71,237.136.28.120
mwatman8o,61-EE-6C-10-2F-66,6.151.197.230
egillie8p,80-C1-00-FC-FF-26,213.11.70.250
daizikovitz8q,80-A2-5A-2C-12-B8,233.229.159.223
svilliers8r,63-A5-FC-CC-91-64,39.24.18.118
hlambis8s,3E-B3-7F-27-4B-A3,232.30.122.200
cvsanelli8t,0D-B4-AF-14-A2-B4,198.156.34.227
palbrooke8u,AC-DD-7E-2A-FA-F9,63.188.66.161
cmcconnel8v,49-CA-96-F0-D7-35,160.39.188.139
lsainteau8w,DD-99-E2-E3-CA-D1,244.238.72.97
mmclewd8x,1B-14-05-87-E3-46,150.243.57.158
nbeisley8y,39-9D-5C-F3-AA-80,166.153.89.177
jeagar8z,02-E5-6B-8F-1B-2B,16.139.110.59
csimoens90,E3-EA-7D-55-E2-BF,193.227.181.124
eboardman91,72-94-0F-3C-38-90,136.244.245.30
condrusek92,EF-32-BE-24-1C-3A,220.10.191.223
bdooland93,D8-F2-28-87-14-F6,26.46.99.184
ddineges94,43-1D-D8-DB-81-C9,58.206.67.161
fshirland95,9F-E5-3E-A8-8B-A9,62.45.219.48
jstyles96,1C-05-0B-A0-CA-39,137.56.101.48
mboater97,68-8D-9A-F5-C2-F0,110.253.41.242
lbrandt98,3E-E2-21-8E-52-36,211.181.37.236
dfuggles99,89-4C-6B-A1-76-10,113.58.249.124
aveeler9a,69-58-49-00-9E-74,108.226.72.26
khanton9b,A1-BD-A9-D8-E0-C1,82.192.42.167
pcapper9c,54-22-9E-10-DB-5F,42.166.117.229
aglas9d,11-35-96-61-09-02,107.2.145.36
anornasell9e,94-D5-EE-F7-3C-A8,246.77.238.255
imacintosh9f,19-DB-3C-90-FA-6A,208.123.2.112
pragsdall9g,60-00-6E-32-32-5D,77.57.187.90
anias9h,9B-8D-94-57-0F-97,94.29.217.37
mtoulson9i,CA-FB-93-86-95-F0,33.208.227.159
bveldens9j,5B-35-66-F9-5D-47,104.166.178.130
gclougher9k,D3-D3-6D-6A-E4-F8,232.92.226.74
cainger9l,3F-BD-A9-A9-72-03,197.49.205.159
bfine9m,10-FB-9F-BF-AF-7A,105.60.152.114
afearenside9n,CF-4E-E2-6B-06-50,21.205.183.254
djeanet9o,CF-78-14-E6-88-97,91.161.111.149
achislett9p,29-ED-A3-2D-A1-E1,84.2.168.112
mcollcott9q,BE-84-5B-53-03-D7,71.221.235.190
jcissen9r,8B-FB-A4-7E-1E-AC,136.137.16.86
lcawston9s,35-81-C7-F8-4E-99,208.100.175.80
edurrell9t,D0-15-E1-2C-83-FC,112.249.249.121
edrillingcourt9u,4A-99-E9-39-2A-76,59.82.156.59
ysumbler9v,94-65-09-04-A1-42,127.21.237.100
mkaroly9w,5F-7F-5F-30-CE-DD,164.37.151.117
edominka9x,76-3A-AC-44-F4-E2,24.92.226.56
wclemas9y,CD-18-65-14-72-38,231.160.10.122
aboyd9z,ED-8B-F9-72-83-02,38.226.249.84
flinceya0,00-FF-CD-2F-FE-5F,45.44.68.54
dszacha1,33-14-C3-E2-07-BE,203.48.120.171
kwoolena2,6D-27-A9-FC-67-8C,170.34.199.221
flowndsbrougha3,1D-F3-5A-0A-19-91,2.22.78.221
hmoulanda4,C2-2F-D3-9C-1C-02,103.101.166.16
kbauma5,9C-19-AC-4F-73-EF,180.251.215.65
bsponera6,AE-CA-C0-BE-8F-91,140.56.124.126
grobottoma7,E2-93-BC-2B-45-F7,86.1.28.147
vpetrakova8,D5-97-24-48-97-C0,3.91.51.14
bkenneya9,C0-58-D6-42-88-C7,99.84.213.192
amacounaa,4E-C7-3F-FD-C0-68,124.190.66.194
dibesonab,BE-E1-B5-84-12-81,208.31.100.129
bdriffillac,C1-A7-E4-52-EA-9C,99.86.54.20
rsquelchad,9C-53-0B-D8-30-3B,29.205.252.172
nluckcuckae,64-08-B2-4A-00-1D,89.14.39.81
cmcpaikeaf,BE-BE-B4-FD-8F-00,160.113.129.21
begdaleag,39-CB-E0-FB-8A-E6,238.198.137.50
jkleinhausenah,2A-B4-54-E3-E3-84,116.170.59.172
tyandellai,C2-65-7C-ED-93-A8,43.219.207.218
hlhommeeaj,28-31-2D-7D-B8-2C,66.6.77.60
dbleasdilleak,B4-0A-03-B3-66-63,16.149.207.127
smarcal,3C-AB-75-8A-27-E9,140.211.180.113
wmionam,EB-06-91-51-5C-AD,52.195.56.41
mgablean,12-C1-0A-29-8D-74,242.216.57.241
apeppinao,FE-D8-30-84-02-86,236.177.156.127
zvasselap,9E-48-FF-12-15-9E,192.163.206.153
slammertzaq,95-2E-63-C6-88-AD,224.129.77.184
efieldar,E5-3A-BD-12-B8-81,101.226.241.14
rsavegeas,1F-0F-9B-88-8C-A6,69.195.172.19
vbeardowat,25-FE-C5-61-07-D4,228.162.244.64
hdockrellau,88-87-63-8C-B9-CF,146.79.0.110
lfassav,04-3A-97-BA-47-5D,123.141.115.166
gandreolettiaw,45-09-48-11-4A-D5,205.180.240.183
fvedyasovax,3E-19-8F-32-1D-D9,92.74.91.139
mmogieay,7F-1F-2E-51-8C-5C,61.228.168.99
owillcockaz,8F-DA-83-93-C9-E4,216.95.90.158
gcacacieb0,98-0C-1A-98-6A-2A,25.253.49.192
eboardb1,5C-13-44-65-B2-8F,112.60.23.10
mothickb2,DF-BF-78-66-44-90,225.204.165.183
cwetherickb3,E0-FC-F5-E1-71-33,1.161.36.28
cingamellsb4,EF-0C-09-F5-F3-5E,126.92.123.158
bbretonb5,07-26-13-BB-88-7C,27.207.238.143
csappb6,CF-63-57-FF-01-15,13.173.68.81
jarsnellb7,88-72-C8-32-47-2A,27.29.225.215
rwootonb8,42-47-D9-9C-ED-CE,124.225.31.220
smanvelleb9,92-7F-9D-E8-D5-4E,173.66.70.239
rslobomba,8E-2C-A2-83-6B-43,18.75.41.107
chaberchambb,8B-77-A7-CE-98-F7,47.133.53.83
abirtlesbc,6E-B4-B1-25-01-BF,240.179.26.92
cplowsbd,6A-D6-C7-CA-7A-9A,19.71.39.25
bkenelinbe,92-DB-7B-3C-99-AC,157.108.119.160
apitneybf,4D-2A-22-09-D3-D7,177.141.7.239
atimblettbg,79-07-0E-F8-33-F1,177.188.215.205
cdecristofalobh,31-86-15-17-57-B9,247.176.206.252
aroyalbi,21-BC-1E-76-48-84,30.26.27.148
khutchesonbj,22-11-F5-40-0F-51,228.188.47.176
kgillmorebk,FE-8E-AA-48-FF-6B,32.110.223.147
bmarshbl,D4-DC-3C-42-A8-EB,106.34.204.255
gleflemingbm,44-4A-E8-D6-10-5F,64.86.212.40
ediangelobn,2A-5B-71-E2-96-23,55.193.87.145
ccullinbo,6F-21-EF-AA-69-4B,31.122.28.64
dtumilitybp,3F-C8-AF-3A-3C-7C,238.91.233.183
ayansonsbq,A3-FB-39-24-C8-AB,198.84.97.177
mmackettrickbr,E4-4C-C2-55-FF-51,5.252.223.220
pgiacomassobs,3B-74-EF-DA-45-77,226.66.9.46
kjukesbt,A3-45-1F-0C-2C-03,220.71.228.245
elauritzenbu,6B-92-03-50-43-D7,41.22.244.224
dhoulworthbv,B7-04-9F-06-54-CF,88.47.217.135
cgaishsonbw,F6-AD-72-1F-46-A1,163.17.46.132
omuffenbx,8F-93-3B-92-56-E5,118.210.163.75
eshilstoneby,71-6D-92-0E-F2-09,107.22.226.195
krotterbz,F7-D8-88-BA-1D-30,84.58.254.236
astonnellc0,EF-7B-52-7D-6B-7C,244.88.181.251
nspenclayc1,3E-3A-A1-95-E3-B7,114.39.90.167
sjansiec2,12-5D-8E-E1-6F-EA,224.142.6.135
leadesc3,CF-E2-E4-F5-CE-61,70.61.36.54
bnorthropc4,A8-5A-91-36-54-81,164.145.211.250
srosinc5,14-07-2E-F6-FA-C3,239.254.7.215
cpavittc6,13-DC-23-D5-B9-B7,2.28.100.232
roverallc7,9E-AB-7B-8B-D2-08,16.191.32.17
esirmondc8,51-5A-38-EC-41-CA,120.52.236.74
mivanikovc9,01-38-B2-8E-7C-5C,137.81.33.62
tloveladyca,0B-8F-BD-BB-09-1D,186.55.39.155
mwhyleycb,A2-E5-AA-BB-15-49,211.198.116.48
scollumbellcc,8D-DE-98-45-66-3C,104.211.155.230
cdearnesscd,59-25-25-B9-A1-56,155.117.12.239
eapedailece,45-DC-F1-CD-8B-05,216.7.234.150
jpitcaithlycf,1C-42-2B-1C-85-C3,45.27.79.198
lquaifecg,68-01-7E-0D-1E-E2,254.199.221.150
laudissch,F6-F3-F4-C8-8D-49,32.111.90.28
cjoretci,56-C9-68-CA-A9-04,240.31.187.127
aongincj,A0-8C-BD-EA-3E-2A,81.204.195.105
rkittoeck,29-80-BB-20-F9-25,128.13.132.172
jcollishawcl,99-6F-7A-B2-41-9B,102.165.36.90
ekleencm,F8-79-5B-C0-1E-FB,18.65.101.121
vtaberercn,5E-2F-31-A8-C9-63,111.26.126.175
ivannahco,8B-65-D8-1C-F0-9F,116.233.16.182
lsumnallcp,DB-86-18-36-29-27,110.112.113.141
kbramhillcq,22-FF-3D-00-F9-D1,187.32.13.72
nhaughtoncr,69-67-81-D6-90-3E,207.36.225.92
obramecs,BB-B5-AD-12-6F-46,179.218.101.52
otilliardct,4A-95-6D-CC-56-8E,143.190.103.155
hcrossercu,9F-68-23-D3-ED-5B,113.75.169.178
ggerriecv,E9-B9-26-1A-EC-14,178.117.88.236
raikmancw,DA-C0-8D-15-DF-0F,166.164.36.221
rbucklercx,5E-8C-7D-6D-5F-8D,156.0.147.64
cbanfieldcy,10-29-1D-80-F0-5B,10.22.174.70
agoldbourncz,29-B7-5F-F8-75-0A,1.37.87.173
pmeaddowcroftd0,99-4A-A0-88-C3-77,162.106.229.81
bbeneytod1,99-6A-B9-D4-EF-4C,71.198.3.226
gnormavilled2,FF-39-D5-AA-73-7A,41.182.130.59
cshellibeerd3,53-99-90-C1-F9-2F,51.119.182.114
cbenardetd4,7A-26-6C-8F-82-D0,87.69.169.0
efulcherd5,67-D5-77-3E-F2-71,178.174.18.190
fshillidayd6,16-99-F2-73-CA-54,140.112.248.7
felgard7,C2-A3-D9-36-DF-B5,17.22.224.154
mattod8,A4-7C-8E-21-8D-8F,122.153.139.174
dmegaineyd9,CC-95-09-4B-F0-01,71.31.122.89
fvinallda,1C-18-F8-B9-DE-BC,118.232.188.202
bnettingdb,39-7A-F2-E7-9E-24,134.172.159.179
lgettendc,1E-DF-FD-50-BB-E1,71.136.34.100
jsommervilledd,F2-C6-4C-71-C0-51,129.6.195.78
mfayermande,18-B5-64-65-2B-14,252.124.7.3
champrechtdf,90-C3-CB-DD-A9-7E,236.62.164.151
tpefferdg,F8-1F-E7-7E-24-A4,210.153.147.93
challededh,7B-43-57-79-9E-3C,42.191.235.251
mpurvesdi,11-A6-E4-CD-ED-DE,74.108.184.32
mpavekdj,8C-55-8F-22-22-82,135.207.222.92
emcgheedk,1A-16-46-5F-0B-1E,135.145.216.110
sklulisekdl,A3-79-D0-3F-6F-E1,219.158.227.152
rkensettdm,FE-1D-E2-5D-C8-FF,226.255.215.104
ehenderdn,25-D9-8D-96-C8-53,77.11.99.78
bmackenneydo,C6-79-00-1D-46-F0,190.167.234.90
bmathisdp,E2-EC-96-43-19-C4,153.147.150.94
vcowlasdq,B1-A5-64-17-F6-EF,80.231.255.183
jgoodredgedr,68-11-6C-F6-14-21,34.41.108.97
ccayleds,B5-A8-A5-68-7F-93,113.164.66.4
carundeldt,FA-97-30-A7-CD-5F,157.205.17.42
ladolphinedu,8B-41-AF-BC-96-98,189.183.105.197
rbaudichondv,CA-02-4D-84-9A-70,181.223.113.230
xsenechaultdw,BF-D7-7B-EC-EF-05,172.179.71.20
lwoolhamdx,24-14-34-8B-5B-CF,229.244.207.126
elamboldy,7A-EA-4A-62-31-75,172.177.173.85
mrubrowdz,CA-4B-5D-06-68-E2,132.250.185.157
titzchakye0,8B-AA-C0-1B-CB-89,133.22.83.43
msommere1,1E-75-02-06-22-3C,69.208.134.162
rmaccolee2,8F-04-08-2B-7C-51,199.110.113.104
castlatte3,7C-E2-27-F6-6C-7B,34.130.1.184
kbairstowe4,6C-87-7D-C5-47-FC,160.80.229.240
abrashe5,85-2D-D5-33-B5-8F,95.61.130.43
jpentone6,78-7A-73-3A-17-02,216.181.170.38
sbalduccie7,FA-80-DB-6D-1F-F2,160.128.255.14
lzemlere8,29-B0-58-F1-C2-2E,128.61.245.160
coswicke9,87-5A-BF-CC-1B-47,191.242.89.198
cparamoreea,09-8A-DD-12-4A-C5,93.63.172.5
kwattingeb,44-FC-85-94-AE-CF,65.69.18.244
phucec,3B-31-9D-03-6A-A0,23.82.253.249
mkoroused,6E-8E-BB-EC-3D-3F,130.38.31.105
jheugleee,07-2F-CE-43-70-7D,26.240.219.50
bfedorchenkoef,F6-4F-68-38-37-21,108.251.10.252
agresseg,C4-46-17-8B-2D-D6,236.252.245.100
fparkissoneh,79-63-F8-06-88-D7,205.122.60.48
bspadaei,EF-43-2D-3B-C8-94,67.102.25.233
imcalroyej,C6-9D-7C-8E-5B-C5,249.230.248.177
dstollenhofek,02-40-99-6E-A2-32,60.235.121.188
zlightewoodel,E1-9F-FF-DE-E1-1A,218.48.91.47
voquinem,BA-F8-6D-41-60-A6,5.94.169.238
cdalzielen,99-34-E2-82-17-2E,62.173.35.78
bgetteneo,7E-70-F8-EA-16-FB,166.25.127.31
ldenricoep,E7-03-0E-92-00-FB,154.82.152.239
khemblingeq,3F-4F-18-17-7B-1D,162.58.46.171
aeddoeser,C5-7E-4D-13-72-A0,20.96.179.87
fmacconnales,34-42-3C-3E-42-D1,188.102.202.45
bgoriniet,3B-C9-66-28-41-6F,11.24.3.209
ccarlesieu,94-54-F5-29-92-70,203.243.253.54
hwaskettev,B7-B8-60-53-0A-D2,161.61.198.122
ndeavinew,D1-87-C7-14-EC-5C,145.133.26.93
smcwhanex,A5-97-8E-A0-1A-5E,211.97.232.61
cpunchardey,C4-A6-01-D2-89-1D,106.69.89.235
gmckirtonez,1B-34-41-DE-21-D4,232.252.108.123
cballef0,8D-BC-46-28-E7-66,52.49.163.55
odelislef1,4F-73-55-1B-25-B3,224.200.32.131
rstapletonf2,EB-D4-AF-EA-D3-83,212.164.21.105
tmaffiaf3,D0-90-79-F7-0E-61,85.58.165.235
ecicchettof4,5C-C3-BE-91-CE-A0,233.109.121.119
pvenediktovf5,D2-28-83-50-48-B6,94.134.67.230
krustanf6,E0-2C-E4-07-39-35,251.11.8.126
mdjuricicf7,8A-CA-7A-65-8A-DB,110.118.37.171
rlightewoodf8,73-FB-96-31-AB-00,189.180.63.179
ihamleyf9,22-10-B3-C8-62-9A,11.55.52.249
jofallonefa,65-F4-5C-19-2D-C0,145.219.243.100
lhubbersteyfb,FE-5B-EC-94-41-E6,231.125.219.60
nseedfc,3B-3E-22-92-9C-2D,48.56.103.131
rcammishfd,A7-CF-C6-37-7A-31,34.207.218.57
chessentalerfe,D2-5A-1D-6C-5C-89,228.35.150.117
nansettff,2E-B0-7C-6A-CF-1D,68.252.20.62
csteadmanfg,6D-E7-ED-77-13-8B,171.229.112.208
craittiefh,0B-77-B2-59-5D-32,209.99.224.15
elangwadefi,F6-F3-E1-56-76-46,131.4.177.240
cceschellifj,89-05-B6-10-C4-0C,153.91.61.16
mlovelockfk,A9-87-55-15-16-4E,170.249.213.205
aernkefl,B5-CC-17-53-28-A5,242.159.29.184
brisebrowfm,62-E0-6A-54-07-B2,117.98.3.88
jborgesiofn,8D-7B-E0-7D-73-79,80.165.19.0
alakentonfo,6E-35-38-36-C9-7A,51.109.227.101
lmatyashevfp,CC-03-96-DF-43-AF,34.204.48.219
jkiffefq,F1-BE-9E-0C-A5-A3,10.188.230.158
mlyddyfr,14-4E-32-94-AB-01,168.237.227.85
tsacasefs,98-DD-9E-CF-85-8C,201.11.193.249
mnewtonft,50-C9-0F-5B-3A-C2,224.233.99.19
ptrippickfu,AC-27-A0-F1-F2-F4,68.27.100.41
jsloyfv,E5-DB-B3-4E-E8-8A,4.74.187.65
ebottermanfw,97-AF-14-79-73-5A,178.79.145.28
mmarienfx,1C-FD-E6-CB-49-C1,149.75.167.233
gbendsonfy,44-1B-3D-37-52-15,152.51.34.63
gpenkfz,91-60-BD-6B-CE-E4,147.213.132.87
apowerg0,F3-4E-57-3E-C8-19,95.221.62.203
rfauschg1,C6-57-04-45-0D-FC,196.190.139.124
msouteng2,5F-D7-18-5A-33-C8,253.106.137.117
jcarssg3,91-68-F9-66-C8-38,152.167.196.114
rwalleyg4,8A-17-77-E7-45-B4,61.227.186.229
dstampsg5,63-2E-CA-D5-29-EB,235.1.195.6
sbiaggettig6,5F-51-0D-67-85-68,102.44.202.23
cfrendg7,D6-A6-C2-31-8D-FE,7.72.104.174
ckemmeg8,CA-67-0E-65-D5-F5,68.210.145.240
sgodsilg9,E9-70-2E-4C-A9-E8,83.53.110.164
ewynesga,E1-F6-72-68-B7-36,127.187.81.183
rmangeongb,DB-BB-36-B7-0A-CD,207.23.71.136
lfrankcombgc,F1-F6-8E-47-3E-26,75.60.108.29
hhuntressgd,84-6D-FB-A2-04-CC,46.71.160.79
tshaxbyge,44-9C-72-1B-55-5A,204.106.246.118
jblagdongf,CB-8F-34-67-A7-52,16.29.9.158
bbessongg,BC-78-5C-81-AD-EB,228.239.185.173
lsimondsgh,D5-70-8E-AA-06-D2,214.52.119.250
gblinkhorngi,04-16-51-DA-82-07,182.241.153.9
mbousfieldgj,66-31-8B-5B-B1-26,111.152.250.140
gbakewellgk,8A-57-A0-01-D5-D0,109.242.206.244
dfowldsgl,39-09-B1-E4-AC-45,100.179.228.255
ltukesbygm,2A-F5-3B-9E-CA-8C,240.29.106.109
ycrankegn,1B-06-F0-CE-A0-C5,166.45.227.46
nebertzgo,77-D5-A6-7B-92-FD,8.243.210.87
bforemangp,CC-27-6A-1C-2F-0D,236.98.197.95
rbamlettgq,82-B8-E8-30-40-B0,205.35.115.23
bclowesgr,22-DF-E4-54-2C-DB,120.66.208.214
kwestollgs,BD-90-F7-F3-25-33,6.202.111.83
cburrisgt,DC-68-48-42-3D-7D,40.63.72.26
msankeygu,FA-F5-AC-14-9F-E1,46.141.212.65
hspeeregv,1B-7E-54-E3-AA-AC,6.35.35.236
jkeersgw,60-53-01-58-E7-72,78.92.196.64
omcgillacoellgx,7A-65-20-5B-ED-7A,11.239.120.237
mboerdermangy,DB-A1-77-50-A6-F6,92.174.136.247
vraveaugz,3F-0E-40-05-92-A3,60.33.87.0
aardlingh0,8C-A0-87-F0-F5-E1,90.119.225.18
ewanstallh1,4E-C4-81-9E-F2-19,27.147.148.50
cmolyneuxh2,CE-69-80-05-03-33,53.157.14.166
ptompsetth3,BD-34-72-FA-72-E4,160.8.183.146
tclaypooleh4,A7-21-47-4B-02-B1,251.115.73.90
ghenstoneh5,1A-C1-EC-FD-78-B1,32.69.107.19
ewigleyh6,C3-2F-9B-B4-0D-57,76.166.66.112
cwoodsh7,53-69-7C-1C-16-06,230.213.66.165
pbruh8,FC-FD-41-3A-AE-09,47.18.134.135
ckendredh9,0F-7D-4B-C8-5B-7C,69.131.213.52
sspireha,04-87-47-79-37-34,242.154.247.71
chughshb,4C-22-B9-26-E7-0E,170.30.242.9
egivenhc,00-43-EA-6B-BD-F9,146.28.76.97
pgippeshd,CB-D4-6A-7B-6E-53,19.224.171.121
inittihe,90-CB-0F-9B-14-39,32.24.110.202
wverchambrehf,3F-EE-6E-D9-35-8C,66.195.33.225
abocketthg,D2-23-DE-F0-F8-BA,229.130.221.206
bbarstowkhh,E8-19-34-AD-99-A4,241.107.254.68
tdebeauchemphi,08-94-FE-13-37-E6,143.55.196.97
kveelhj,9C-E2-36-A9-E9-31,4.61.252.163
rmillimoehk,C3-06-EF-D3-6F-6E,181.93.167.4
ddennanthl,B0-7D-36-F6-5C-0E,245.247.205.52
nkarlmannhm,38-7F-DA-2D-F7-AD,206.32.93.218
mdeamayahn,3E-8D-AD-2C-9C-D2,150.59.55.64
csuthworthho,3C-86-3E-8B-89-5E,155.16.51.57
rpitneyhp,5E-B4-A5-82-95-1B,219.120.220.195
eghidellihq,15-27-F3-CB-6D-AD,123.64.235.75
ovanthooghr,F7-76-FA-94-E6-26,25.135.206.164
jounsworthhs,24-00-27-47-03-C1,133.36.119.163
aseysht,91-EB-4E-25-97-C1,86.227.215.94
jlotshu,7D-69-F1-EF-D1-1C,244.25.197.124
jcatheehv,03-53-C2-3E-F3-2B,183.230.243.182
cyolehw,E4-B2-3C-FD-F4-8F,96.139.144.114
tallabartonhx,C5-08-6C-B8-94-B3,63.99.248.195
mtarbatthy,99-D5-E8-A1-E7-A0,59.185.51.232
rmccarlhz,C6-93-01-8C-0D-F1,243.186.157.217
lesherwoodi0,02-23-FB-2F-67-29,181.26.241.38
bhassalli1,00-C3-EE-8E-67-6C,234.112.63.129
koflynni2,FD-56-D5-58-C0-B9,70.217.227.188
cberntssoni3,83-6A-B5-63-B0-40,139.102.225.5
whallowesi4,46-6F-81-9F-D2-A8,166.35.7.234
lkynastonei5,63-05-14-71-75-7F,42.58.26.231
hdefranciscii6,BC-2A-D2-6E-0C-C9,161.208.130.126
erennixi7,E9-99-C6-6B-FE-A1,117.76.100.116
bsteventoni8,51-69-55-97-0A-DA,95.80.168.191
hhathwayi9,B5-51-B2-BC-DC-85,205.204.137.139
gcapehornia,FA-89-93-8C-A8-EA,141.191.12.232
alempertzib,9F-EB-F4-0C-14-AC,84.229.240.216
sschimankic,78-AB-48-05-A4-FB,143.1.3.192
gbuxtonid,6A-61-DC-1B-D3-C6,71.110.15.72
jlongie,49-22-AB-42-79-13,47.53.172.250
gheighwayif,37-56-CA-D4-EE-DB,70.22.120.210
nwabbig,3D-B5-6C-7E-D4-DD,66.187.90.38
tsiveih,B4-82-F9-5E-BA-57,112.141.181.187
dkevaneii,45-6D-C6-8B-F0-5B,252.34.234.205
fbougheyij,52-5A-74-EF-0B-3D,203.133.21.243
hshawlik,4A-C2-15-C6-47-F2,195.62.14.74
lsedgwickil,1B-53-5A-8F-9B-10,33.144.166.229
bstanfieldim,B4-0B-62-9F-27-7A,213.202.211.203
cdaneluttiin,16-7B-E4-4F-6C-AE,89.1.95.29
ffishleeio,99-20-99-C3-5A-BC,191.82.79.84
mbarocheip,EA-C8-D1-26-2B-99,51.245.178.23
nkinforthiq,49-09-84-E6-22-C3,235.100.92.57
kkolakir,4E-D0-72-F5-63-B7,0.20.50.180
pripsheris,27-A9-8F-0B-BE-03,150.170.163.90
ualanbrookeit,6E-BB-CE-BB-C9-DA,166.41.36.43
rbastardiu,5B-42-63-0C-ED-1C,26.88.159.251
csnyderiv,9F-8B-42-90-34-1D,86.238.186.15
lblatherwickiw,EF-96-72-9D-B1-E3,152.16.194.123
gseggieix,E0-22-35-16-9D-A2,76.151.75.130
nchrystaliy,A8-4C-57-FC-4A-BC,105.232.220.107
tpohlakiz,87-61-33-3B-80-6D,173.163.13.201
wdownesj0,CF-6A-F6-72-F5-35,15.164.180.242
jscoullerj1,29-15-95-00-E5-25,166.222.168.99
salesij2,68-74-8B-FB-C8-DA,28.113.210.32
dratiej3,8E-DF-C5-68-3B-9B,241.217.118.211
hhemblingj4,CA-DF-87-03-B7-E6,84.161.81.207
vpankettmanj5,0E-1A-61-A3-9C-FD,81.228.74.44
mwaisj6,AE-26-40-B5-B1-34,149.186.246.81
jmccaddenj7,75-AB-D2-70-EE-FE,125.119.25.171
cboliverj8,3C-FC-B7-F6-1B-23,149.200.136.243
lsaketj9,A3-87-28-7B-1C-EA,182.230.117.13
bkileyja,40-F1-23-6B-CD-16,253.67.252.95
cvasyutochkinjb,55-85-53-5A-AA-68,10.124.142.248
cgonjc,48-D4-83-DA-5C-46,19.50.69.212
hreussjd,AD-4C-E6-A7-89-27,128.240.6.0
cdallynje,86-E6-99-B9-43-53,121.250.45.83
fkelliejf,57-A9-4D-68-14-B6,114.219.129.32
ccolisbejg,5E-B7-26-F4-A8-F3,176.33.239.231
gyeabsleyjh,3D-00-2A-DB-78-AA,154.220.237.104
mbriattji,A7-E9-E3-44-0E-8E,105.226.33.18
gpellingtonjj,C1-E0-D7-05-23-EB,236.60.6.204
ogjerdejk,76-23-52-60-F2-57,161.89.11.88
ahallowsjl,59-83-14-75-E9-9D,79.154.51.253
afilgatejm,98-DC-9A-E3-AB-DA,40.184.61.145
bhearnamanjn,8F-BF-A0-97-62-8D,163.13.248.28
mgledhalljo,3B-41-0F-7F-CB-29,120.74.180.121
mhorchejp,F2-AF-49-2C-67-A6,52.254.87.99
wmorriesonjq,94-54-E5-3D-7C-D1,218.246.137.158
hdanielianjr,B6-79-42-05-BF-F7,76.64.83.125
tglendiningjs,68-DC-E7-72-AD-4F,119.110.185.119
wurionjt,DC-3D-F8-38-A7-C8,225.253.41.115
ccrowju,34-FC-53-AB-74-61,49.119.179.117
lannetsjv,5E-97-05-B3-B5-E0,228.177.240.180
phumbyjw,C9-6C-CB-A8-88-E6,46.190.216.21
mtrewhelajx,CB-9A-15-0F-4E-7C,67.52.117.58
hcausbyjy,79-60-0E-9C-15-7F,255.102.115.38
wmachostiejz,9B-B1-5E-8D-00-4B,118.24.208.159
mgounetk0,F5-E5-46-B3-FB-A8,22.188.66.31
bclausenthuek1,32-F5-3D-0C-75-0F,166.113.5.192
martzk2,BE-4E-74-A8-89-97,234.131.172.253
bcosstickk3,0A-A4-70-81-FE-A5,42.84.102.88
dbraamk4,BD-19-43-3C-65-4F,0.161.107.250
fgwiltk5,D1-59-59-4F-E1-6D,62.95.245.96
lmessinghamk6,DA-CF-37-E4-21-6D,223.104.48.166
smettsk7,FB-56-4D-5E-EB-D5,144.186.164.54
esimaok8,D7-57-FF-12-64-50,3.96.197.185
vkarczinskik9,F8-1F-A6-EB-60-69,169.139.45.180
ahabinka,46-25-36-15-B3-BD,169.183.163.200
nbouchardkb,30-F0-B4-5D-EE-8F,15.191.3.62
mmacgebenaykc,08-AD-8D-FD-34-F6,195.216.74.248
bissacofkd,F9-0E-00-FB-43-6C,234.135.234.124
kwoollamke,2E-AF-5E-FD-06-CA,29.25.30.44
eleitchkf,20-B6-46-58-16-8C,132.46.204.226
phathwoodkg,46-A7-A1-17-45-CD,91.145.35.232
igirtonkh,06-C0-8D-C9-7D-1B,239.13.167.34
cambersonki,16-E7-89-FC-55-A9,129.167.161.34
bsellorkj,04-BE-27-EA-79-61,207.134.225.187
ggopsillkk,4F-B8-D4-EF-E0-76,52.55.250.218
jjiroutkakl,6D-5B-9B-67-A3-A5,230.163.249.67
hpietaschkm,7B-55-A4-A8-77-BD,20.230.209.166
chandkekn,AA-A8-19-AA-55-AE,5.17.68.176
rperrelliko,A4-11-DA-9A-BD-9C,122.95.164.48
mhaversumkp,71-C2-9B-E6-86-3D,87.148.243.35
cwytchardkq,98-EA-62-10-06-5A,233.49.6.37
jternottkr,68-71-A0-19-99-FA,191.92.44.253
egabbyks,56-FC-E5-DB-D0-A1,41.42.72.6
cmumbesonkt,A6-A8-27-8A-28-60,0.113.138.158
kyouleku,D6-0D-69-A0-9F-2F,39.121.161.204
ckirkhamkv,7C-85-8B-56-8D-30,50.138.248.166
hheighwaykw,35-4E-00-6E-F9-3E,174.57.233.8
prottgerkx,4B-96-CF-44-A7-C8,74.186.242.9
aphilipardky,9E-5C-2C-47-E7-EE,177.61.134.191
jlaurenceaukz,9B-24-72-84-32-50,129.156.73.130
mmarkell0,00-CD-13-3E-5C-AD,115.159.180.153
imaytuml1,BC-1E-BB-3D-E3-29,75.10.131.16
raroninl2,3B-5B-79-A6-98-F2,215.101.218.204
tlilliel3,23-7B-D3-8A-78-9D,117.80.110.54
wskynerl4,EC-68-E5-C4-AF-2B,144.23.119.218
tmilsonl5,8B-E9-F5-B4-CE-B1,85.212.131.8
iackeryl6,2D-D1-5B-B0-59-87,160.117.116.52
evynalll7,14-93-5E-D5-EF-23,168.146.130.110
mclutheraml8,FB-F9-A8-49-B8-C6,139.214.125.27
fackermanl9,78-A3-61-56-A2-3B,161.173.60.93
smurfordla,F4-2A-2C-40-DB-C0,195.43.18.82
kmeenanlb,A0-08-96-E9-41-D5,254.142.40.17
dboyenlc,BF-A2-7A-56-F1-DE,105.117.83.103
jbernardotteld,D4-2D-27-5E-88-F2,221.218.49.157
ajeannonle,2F-FB-7C-18-D0-C3,118.51.146.89
gakroydlf,B7-DF-40-15-7B-5E,222.45.142.146
hbridatlg,1B-65-71-EF-D3-F0,236.232.173.41
mriggeylh,89-2C-BF-17-A7-43,82.64.114.43
cmocherli,EB-4E-D0-5A-42-90,100.159.82.204
abowelllj,6A-28-82-07-AD-AF,132.10.93.222
bvaudlk,EC-EB-8E-C0-A7-3F,38.148.200.105
hparleyll,CD-71-9E-56-06-39,239.188.39.151
asexstonelm,33-7E-FB-24-B3-46,192.15.73.169
hlouthln,C2-7E-CE-AF-AD-EE,51.171.138.130
wquoganlo,78-77-C5-F0-BC-E3,192.100.50.218
wlinfootlp,02-7B-10-BF-73-45,190.113.161.75
sswancottlq,C0-B7-65-03-D7-B3,110.53.107.36
llupsonlr,81-45-E4-F3-55-7A,30.71.52.52
dbaishls,CF-71-2C-4A-E2-B4,116.30.158.172
vdrackfordlt,3C-2A-B1-55-6F-E1,93.221.209.58
cmccrawlu,E5-10-4C-05-6A-BE,204.155.141.1
jduraklv,AD-AD-11-41-1C-FE,224.196.212.201
pdecruzlw,13-DF-1B-75-37-D7,34.129.230.75
rbilamlx,2F-44-2C-72-DD-41,77.14.7.19
kbirdsly,B1-0C-10-CA-84-42,87.175.226.73
rjahnerlz,B4-13-28-F7-AC-E3,36.36.177.135
lbloorem0,53-52-46-F7-D4-35,210.68.4.94
cbaylism1,74-CC-B7-35-3B-C3,115.222.151.253
gturpiem2,AD-7F-86-96-79-91,217.69.148.40
jheelm3,3F-63-49-20-66-A4,254.189.242.122
mtuckiem4,AF-ED-54-89-39-26,46.43.126.21
gvaughtenm5,B9-16-37-F9-EF-DA,172.85.230.238
rhargm6,35-8E-73-45-50-DB,196.167.174.187
ebeggsm7,3D-A1-67-59-26-1F,222.3.180.168
shuddlestonm8,81-E9-51-A6-21-7C,106.87.1.68
ldakem9,FF-33-A3-BE-FC-0A,172.194.78.144
mgrichukhanovma,71-74-67-1E-4A-BE,99.171.175.208
eboskellmb,83-7E-1E-EF-DD-43,1.11.199.157
dhardypigginmc,40-2A-59-62-40-D7,113.73.36.34
cchatelotmd,FB-3B-D4-B8-76-BD,28.133.119.238
kmathewesme,2B-CE-2B-D4-60-C4,210.163.206.44
bgrewarmf,00-E9-40-45-04-0E,89.18.148.54
bmcmickanmg,0F-BF-DF-DB-C1-44,60.190.77.199
statnellmh,63-1E-FC-FB-AC-E9,170.24.142.164
rmankormi,49-8C-9C-B5-0A-84,16.26.136.172
cskottlemj,A7-7D-CB-72-D6-D5,196.130.25.173
tcuncarrmk,46-CE-03-5D-3F-AC,109.88.242.115
lzapaterml,9B-1E-3D-69-9B-EC,46.125.150.9
celstubmm,E1-CB-CD-B1-BF-7A,197.222.194.110
hgravermn,3E-3B-C3-AE-03-C1,96.121.55.175
strusslermo,3D-43-31-1D-59-34,43.49.68.90
bkeelingmp,09-5C-59-64-E2-54,141.48.240.180
sdemkomq,59-AE-43-0A-93-22,143.13.139.177
iletticemr,4B-50-39-AC-54-D8,123.219.28.221
hpurshousems,A6-66-EF-D9-89-06,39.174.217.163
etrasslermt,CD-CD-36-E9-15-FE,54.158.20.160
ggarfitmu,83-C0-0D-09-18-ED,243.160.130.209
cbriatmv,AA-7E-84-31-5C-43,36.119.151.238
kgannicleffmw,FA-E8-17-F5-2C-3A,165.39.79.185
vbensleymx,B3-34-EA-BF-82-C2,163.178.141.11
akellermy,0A-3E-1D-A8-FB-F7,201.70.30.138
fledgistermz,69-D9-6F-03-69-47,153.99.227.197
bcuskeryn0,47-B6-A6-D1-70-89,196.212.191.62
xdicksonn1,62-42-7D-65-93-59,182.39.110.135
asirkettn2,02-89-B9-D0-A5-39,115.147.56.123
mkinghamn3,95-38-BD-32-2F-B9,32.40.230.245
cmerrelln4,8E-B7-D7-66-8A-D5,67.96.160.249
awalklottn5,73-11-68-75-5C-1A,132.107.39.14
estidstonn6,A3-8B-7F-64-E3-5F,7.91.166.213
piliffen7,F2-89-FB-ED-52-63,204.20.141.92
sfidoen8,3F-34-B7-75-8D-2B,90.121.226.45
bthumannn9,E5-C7-EC-E6-09-04,135.231.116.167
jryvesna,98-A1-C7-9F-71-5D,128.129.47.238
ftrustynb,11-B1-06-AE-B8-D8,164.200.218.59
kshemmingnc,FF-1C-95-63-CA-70,105.249.36.225
dedwardsonnd,9F-19-FD-A9-5B-49,180.115.173.124
eibelne,D1-66-EA-F0-B8-36,148.206.227.126
vakrednf,A8-3C-1C-1B-59-95,50.255.48.136
fmatignonng,F0-D2-83-84-B8-86,196.202.162.137
tgarmnh,DD-04-D4-4C-29-B9,230.193.181.42
ffinlayni,08-EC-05-63-D4-48,228.176.94.28
djarmannj,46-D6-C6-80-BC-16,95.51.83.168
detteridgenk,62-12-93-9E-04-EA,195.53.131.191
cheldernl,C4-33-22-D0-ED-6D,149.249.109.93
yalthorpenm,5D-0D-9D-2E-D0-D5,80.135.234.110
omacarthurnn,C0-25-63-1F-96-70,41.242.213.181
tfairneyno,20-C8-F2-EB-5A-CD,220.96.181.140
tazamnp,0E-77-4E-A7-86-17,134.57.202.222
ilegueynq,FD-44-1D-33-F5-70,107.174.241.119
dcantillionnr,B4-58-5D-2F-3F-3E,98.204.191.71
bslaineyns,08-DC-1D-C9-C0-13,249.85.189.185
udumsdaynt,30-EA-6F-63-14-46,74.255.200.47
lclemonu,3C-43-A9-D0-9B-B9,34.26.23.15
vlangenv,40-6F-D5-84-AD-FB,172.132.55.76
jduhamelnw,5B-FC-8C-A6-DD-A0,65.66.59.51
ocorneljesnx,79-F2-C3-B2-44-0D,253.217.224.206
gdowseny,A6-75-76-3F-9F-EB,116.232.27.126
lsummerscalesnz,8C-23-2F-67-DE-2F,243.7.21.220
twhyteo0,1F-6E-11-AA-7F-9F,4.212.95.218
bdraysayo1,C6-F8-52-FE-E2-69,154.6.223.213
vmatheyo2,2A-0B-FC-2D-27-F4,206.46.39.32
tgarbutto3,73-F9-E2-3E-B8-0E,212.223.171.13
kmelburyo4,5A-02-A5-87-4B-79,226.205.196.42
bjoburno5,F5-CF-AD-A7-A4-73,250.205.186.74
sscapenso6,2C-FF-3D-9C-7C-58,94.249.231.255
ccarlssono7,4C-1E-61-35-5E-24,55.204.63.62
bsnaselo8,E8-CA-30-65-98-07,22.174.160.225
mbonifaceo9,6B-E9-B3-11-15-D0,244.154.124.253
rjumeauoa,AE-4A-1F-48-55-C1,60.253.238.135
nbaggettob,8A-43-16-90-DC-72,29.35.55.128
jcarreloc,CB-BB-05-21-11-C3,14.169.129.232
bgodwinod,C7-59-B3-0F-A2-6E,30.13.173.163
teltringhamoe,14-CF-94-3E-DB-B7,104.206.79.189
ssimmersof,58-82-B5-2F-4F-D9,217.116.55.84
wweinog,E1-C5-E6-B1-11-BC,5.188.117.146
jchessumoh,B0-D5-F7-74-30-5B,12.228.167.128
jtuckwoodoi,D8-76-E0-64-84-73,167.47.124.71
lbennoughoj,7F-7F-DF-47-60-6B,128.255.176.163
cmewburnok,10-49-1B-CF-D3-05,229.161.250.230
hgammillol,2A-55-27-37-AC-3B,15.168.176.135
mluggarom,11-10-0B-C7-24-70,57.62.68.179
lindruchon,67-7B-BB-14-02-8F,35.59.159.230
lchristoforouoo,5A-07-4F-23-1F-AC,124.40.81.107
bconwellop,17-B3-FC-EF-6C-4E,53.151.76.15
dpeakoq,60-78-28-02-55-D2,139.35.222.235
hdeancywillisor,C5-93-33-D1-A6-A8,16.223.186.199
tbeldomos,90-51-8F-12-54-50,26.143.220.182
jclendennenot,AB-70-39-22-45-0D,143.76.209.94
lbastonou,A4-82-84-5A-F3-5C,96.178.1.160
xmaxwaleov,EC-D0-EB-BB-42-EA,112.249.85.218
kkellardow,59-F4-56-E3-2F-C5,255.181.10.139
ehuckleox,DB-70-56-4B-DB-6B,158.250.225.0
asangoy,DC-5E-E9-B7-8F-48,242.207.252.128
mgawkrogeoz,C4-63-7C-70-A1-93,34.165.111.183
kjarrattp0,E7-DF-E9-25-4A-B3,114.250.145.234
etreasadenp1,8D-8D-20-9D-99-E1,203.7.19.110
podoghertyp2,7C-AE-57-F2-91-07,181.184.73.79
jburgnep3,DA-A1-39-14-F9-C1,210.213.25.163
mhanburyp4,31-6D-88-1E-15-68,102.3.253.198
dkaserp5,DA-9D-6A-6F-99-A2,206.161.254.221
nrappportp6,40-07-91-00-95-A2,9.95.135.68
gbrientp7,6B-3A-0E-A4-BA-EB,199.119.226.212
qmcvaughp8,1E-64-B2-39-C3-B9,55.202.1.187
nrooperp9,94-40-E9-97-81-70,22.34.185.60
dcejkapa,41-60-5B-17-3B-53,43.62.230.214
nkopferpb,60-1E-CB-1E-2C-7B,231.33.8.243
phabbespc,D5-51-EC-AC-CD-AD,170.225.68.117
pbazelypd,F9-8B-E1-E4-A3-18,85.31.68.39
cjanacekpe,CB-AC-6E-DC-20-BA,138.200.11.152
gfairlawpf,8D-DA-DF-F4-D0-53,50.151.113.177
ngrigorkinpg,8F-EB-B9-82-AF-97,197.70.127.145
hthemannph,20-C6-28-7A-79-29,149.87.131.240
rbuxceypi,07-7A-F9-55-4F-F7,172.234.105.128
kphippardpj,23-A7-75-9C-AC-65,125.129.247.40
jbeardmorepk,56-89-3F-BF-79-21,49.176.224.136
nscusepl,70-E2-E3-09-19-31,88.136.26.109
arenzinipm,06-2E-CA-A1-62-6F,251.229.86.111
kciraldopn,F2-19-C1-1C-07-62,19.42.212.236
bgriffeypo,F7-05-0C-04-BB-D1,33.144.8.14
smcavaddypp,6E-F6-56-0D-75-BA,26.175.246.112
kgoslingpq,86-26-61-1A-D5-02,134.84.76.3
nlackeyepr,EF-7E-75-9F-75-D7,76.103.128.129
gkortingps,40-5B-D9-3F-96-10,156.242.142.185
glawlandpt,33-04-17-9C-B8-18,155.25.198.1
rcosserpu,8C-0E-D6-04-EF-3B,64.125.141.209
ominihanepv,2E-48-35-DB-E4-3C,209.99.74.151
zchristolpw,CB-DA-B3-40-BF-48,183.54.103.101
cruggenpx,F7-A9-2A-36-69-02,101.225.13.62
lvanveldepy,90-85-D3-12-01-A9,1.191.235.225
bcaldicotpz,D2-24-A6-45-F7-EC,132.210.58.125
fsummerrellq0,67-98-FB-81-39-B3,151.221.4.141
emalcherq1,8E-98-82-75-CB-61,144.77.235.89
ofairebrotherq2,7E-8B-75-FC-03-A7,21.96.149.208
fjakolevitchq3,98-E5-B3-6E-EC-F2,64.139.0.28
bleadstonq4,8C-B1-CB-6C-71-9D,216.214.174.82
aanshellq5,8A-C4-74-29-AD-DD,223.235.190.58
tinkpenq6,8F-B9-57-26-12-FE,231.75.15.161
wbuseq7,53-30-98-74-B4-D0,139.113.162.237
alastyq8,9D-6C-CF-FB-19-EF,56.153.160.98
lphelpsq9,0C-B9-74-82-9F-D6,113.225.197.65
blodevickqa,45-1D-DE-71-DA-27,151.153.135.79
cnewtownqb,7A-3A-62-AB-98-E9,185.102.219.69
abrowseqc,BE-90-97-6F-1B-1E,98.246.185.43
aborrelqd,E7-63-54-10-60-30,217.232.11.211
bdimelowqe,A4-95-C2-C5-23-06,74.128.147.20
oboogqf,EC-B1-77-64-6D-75,189.52.46.229
scescotqg,12-EE-18-D8-71-AE,64.53.51.22
kklimentovqh,DC-7B-32-E5-69-5C,32.234.164.92
mknightqi,CA-4A-B9-A5-DD-9B,108.57.201.96
acomoqj,85-80-5C-D5-67-D0,220.67.116.163
bgateleyqk,F1-A2-E5-7C-1B-D9,181.92.194.228
smcimmieql,2D-46-16-70-D4-72,54.94.242.90
bforstqm,46-B7-1E-37-03-EB,138.155.226.140
wpigdonqn,D5-61-6B-37-7E-06,192.174.45.66
natcockqo,BE-0C-28-97-74-CC,235.138.131.105
sjouhanqp,BE-47-22-22-45-10,213.213.39.114
rdeathridgeqq,34-A4-A8-2D-F0-42,72.27.169.166
jmulqueenyqr,32-88-BC-0D-67-C6,233.50.100.142
scornewqs,CE-29-E6-89-31-C8,190.139.232.100
fhulattqt,C1-61-3B-0D-11-A5,174.60.130.88
zkhrishtafovichqu,33-0B-B2-74-5F-4D,35.235.233.98
rseearqv,8A-79-09-79-B0-EF,120.140.10.247
lybarraqw,81-FA-9A-11-F8-49,49.232.111.88
hespinosqx,77-56-AE-EE-EC-94,150.33.200.180
agrangerqy,A1-02-73-58-B7-35,79.227.176.82
mblaisqz,C7-79-B7-AB-67-9A,238.173.219.157
kjandar0,16-1A-FF-58-CC-8E,156.199.123.4
spextonr1,26-1D-A4-1E-68-5D,188.189.88.126
droor2,65-1D-B6-8C-19-2E,8.185.204.229
bneevesr3,9E-99-90-A7-01-58,81.120.47.176
mludlammer4,26-35-C0-D3-35-EE,164.211.95.247
glafontainer5,4B-28-DB-45-AE-F1,58.248.148.228
hbattertonr6,CB-B7-AF-62-DC-A2,106.233.105.107
gmawdr7,E5-B4-28-2E-84-17,215.176.161.17
adiiorior8,82-2A-45-4B-2E-EF,218.181.91.45
agrimstonr9,C6-60-5E-95-1B-86,230.86.37.177
hlinnittra,98-74-B8-0B-02-DE,119.94.91.22
dkarbyrb,C5-36-E5-79-B2-39,194.248.219.117
hcatonrc,38-61-CC-F6-51-0B,162.182.28.62
jrannaldrd,58-33-A5-BF-C0-0B,104.2.32.34
loldfieldcherryre,48-37-29-ED-53-0A,248.150.71.46
jtwiningrf,84-61-48-9E-48-93,179.45.230.54
dlintallrg,69-A9-82-6A-EE-DB,143.150.224.163
cswinfonrh,3C-D7-3E-0A-FF-1F,162.159.84.76
msibilleri,04-5F-91-1E-14-02,110.135.34.217
jconnellyrj,58-74-D7-78-3C-73,99.44.156.111
pgouderk,81-FD-51-BF-AA-71,33.62.203.16
dbassillrl,65-3A-4A-D2-0F-6B,86.172.16.219
aaikinrm,2B-63-5E-16-8D-BE,87.150.9.247
rstagrn,40-B4-C6-2A-18-2F,149.171.114.111
divesro,8E-BB-AC-91-F5-57,178.167.18.86
kdurramrp,9B-DC-D1-8D-AC-3D,79.11.25.4
nfreemanrq,98-53-10-9F-2C-43,150.102.241.157
dlackemannrr,1B-68-2A-11-40-C8,127.95.250.149
