credit_card_type	FINANCE
maestro	FINANCE
jcb	FINANCE
switch	FINANCE
solo	FINANCE
jcb	FINANCE
maestro	FINANCE
visa-electron	FINANCE
jcb	FINANCE
jcb	FINANCE
jcb	FINANCE
jcb	FINANCE
jcb	FINANCE
solo	FINANCE
bankcard	FINANCE
mastercard	FINANCE
jcb	FINANCE
diners-club-carte-blanche	FINANCE
jcb	FINANCE
maestro	FINANCE
visa-electron	FINANCE
jcb	FINANCE
bankcard	FINANCE
jcb	FINANCE
maestro	FINANCE
jcb	FINANCE
china-unionpay	FINANCE
maestro	FINANCE
jcb	FINANCE
visa	FINANCE
jcb	FINANCE
diners-club-enroute	FINANCE
solo	FINANCE
maestro	FINANCE
jcb	FINANCE
diners-club-carte-blanche	FINANCE
maestro	FINANCE
diners-club-us-ca	FINANCE
diners-club-enroute	FINANCE
mastercard	FINANCE
bankcard	FINANCE
maestro	FINANCE
jcb	FINANCE
mastercard	FINANCE
mastercard	FINANCE
switch	FINANCE
diners-club-enroute	FINANCE
americanexpress	FINANCE
jcb	FINANCE
jcb	FINANCE
switch	FINANCE
diners-club-us-ca	FINANCE
jcb	FINANCE
bankcard	FINANCE
americanexpress	FINANCE
laser	FINANCE
diners-club-enroute	FINANCE
visa-electron	FINANCE
americanexpress	FINANCE
jcb	FINANCE
jcb	FINANCE
jcb	FINANCE
maestro	FINANCE
jcb	FINANCE
maestro	FINANCE
maestro	FINANCE
diners-club-enroute	FINANCE
jcb	FINANCE
jcb	FINANCE
jcb	FINANCE
americanexpress	FINANCE
visa	FINANCE
maestro	FINANCE
maestro	FINANCE
americanexpress	FINANCE
bankcard	FINANCE
diners-club-carte-blanche	FINANCE
diners-club-enroute	FINANCE
diners-club-carte-blanche	FINANCE
maestro	FINANCE
mastercard	FINANCE
jcb	FINANCE
jcb	FINANCE
laser	FINANCE
china-unionpay	FINANCE
visa	FINANCE
jcb	FINANCE
solo	FINANCE
jcb	FINANCE
solo	FINANCE
jcb	FINANCE
visa	FINANCE
jcb	FINANCE
maestro	FINANCE
jcb	FINANCE
bankcard	FINANCE
switch	FINANCE
jcb	FINANCE
americanexpress	FINANCE
mastercard	FINANCE
instapayment	FINANCE
bankcard	FINANCE
jcb	FINANCE
bankcard	FINANCE
americanexpress	FINANCE
diners-club-carte-blanche	FINANCE
jcb	FINANCE
mastercard	FINANCE
jcb	FINANCE
china-unionpay	FINANCE
laser	FINANCE
jcb	FINANCE
visa	FINANCE
bankcard	FINANCE
jcb	FINANCE
diners-club-enroute	FINANCE
bankcard	FINANCE
jcb	FINANCE
jcb	FINANCE
jcb	FINANCE
mastercard	FINANCE
americanexpress	FINANCE
visa-electron	FINANCE
switch	FINANCE
jcb	FINANCE
jcb	FINANCE
jcb	FINANCE
jcb	FINANCE
jcb	FINANCE
jcb	FINANCE
visa	FINANCE
diners-club-us-ca	FINANCE
diners-club-enroute	FINANCE
jcb	FINANCE
jcb	FINANCE
jcb	FINANCE
jcb	FINANCE
china-unionpay	FINANCE
jcb	FINANCE
china-unionpay	FINANCE
jcb	FINANCE
jcb	FINANCE
china-unionpay	FINANCE
jcb	FINANCE
switch	FINANCE
jcb	FINANCE
mastercard	FINANCE
jcb	FINANCE
jcb	FINANCE
jcb	FINANCE
jcb	FINANCE
mastercard	FINANCE
jcb	FINANCE
americanexpress	FINANCE
china-unionpay	FINANCE
jcb	FINANCE
jcb	FINANCE
maestro	FINANCE
jcb	FINANCE
mastercard	FINANCE
americanexpress	FINANCE
jcb	FINANCE
jcb	FINANCE
china-unionpay	FINANCE
solo	FINANCE
jcb	FINANCE
switch	FINANCE
jcb	FINANCE
instapayment	FINANCE
diners-club-enroute	FINANCE
diners-club-carte-blanche	FINANCE
jcb	FINANCE
bankcard	FINANCE
jcb	FINANCE
jcb	FINANCE
mastercard	FINANCE
solo	FINANCE
maestro	FINANCE
mastercard	FINANCE
bankcard	FINANCE
jcb	FINANCE
jcb	FINANCE
jcb	FINANCE
jcb	FINANCE
mastercard	FINANCE
jcb	FINANCE
jcb	FINANCE
china-unionpay	FINANCE
diners-club-international	FINANCE
visa-electron	FINANCE
instapayment	FINANCE
americanexpress	FINANCE
jcb	FINANCE
jcb	FINANCE
maestro	FINANCE
jcb	FINANCE
solo	FINANCE
jcb	FINANCE
mastercard	FINANCE
visa	FINANCE
switch	FINANCE
jcb	FINANCE
jcb	FINANCE
solo	FINANCE
jcb	FINANCE
jcb	FINANCE
mastercard	FINANCE
jcb	FINANCE
mastercard	FINANCE
china-unionpay	FINANCE
mastercard	FINANCE
jcb	FINANCE
instapayment	FINANCE
jcb	FINANCE
jcb	FINANCE
diners-club-enroute	FINANCE
switch	FINANCE
jcb	FINANCE
mastercard	FINANCE
jcb	FINANCE
jcb	FINANCE
jcb	FINANCE
jcb	FINANCE
jcb	FINANCE
mastercard	FINANCE
mastercard	FINANCE
mastercard	FINANCE
jcb	FINANCE
mastercard	FINANCE
switch	FINANCE
diners-club-enroute	FINANCE
jcb	FINANCE
jcb	FINANCE
diners-club-enroute	FINANCE
diners-club-carte-blanche	FINANCE
diners-club-carte-blanche	FINANCE
laser	FINANCE
jcb	FINANCE
jcb	FINANCE
jcb	FINANCE
americanexpress	FINANCE
laser	FINANCE
maestro	FINANCE
jcb	FINANCE
jcb	FINANCE
maestro	FINANCE
maestro	FINANCE
diners-club-carte-blanche	FINANCE
mastercard	FINANCE
switch	FINANCE
jcb	FINANCE
diners-club-international	FINANCE
jcb	FINANCE
jcb	FINANCE
diners-club-international	FINANCE
diners-club-enroute	FINANCE
jcb	FINANCE
jcb	FINANCE
switch	FINANCE
china-unionpay	FINANCE
mastercard	FINANCE
jcb	FINANCE
mastercard	FINANCE
jcb	FINANCE
bankcard	FINANCE
bankcard	FINANCE
maestro	FINANCE
visa-electron	FINANCE
americanexpress	FINANCE
laser	FINANCE
jcb	FINANCE
diners-club-carte-blanche	FINANCE
laser	FINANCE
maestro	FINANCE
diners-club-carte-blanche	FINANCE
mastercard	FINANCE
china-unionpay	FINANCE
americanexpress	FINANCE
jcb	FINANCE
maestro	FINANCE
bankcard	FINANCE
jcb	FINANCE
mastercard	FINANCE
mastercard	FINANCE
jcb	FINANCE
mastercard	FINANCE
jcb	FINANCE
jcb	FINANCE
diners-club-enroute	FINANCE
solo	FINANCE
jcb	FINANCE
maestro	FINANCE
americanexpress	FINANCE
jcb	FINANCE
mastercard	FINANCE
jcb	FINANCE
visa	FINANCE
diners-club-carte-blanche	FINANCE
switch	FINANCE
laser	FINANCE
mastercard	FINANCE
diners-club-international	FINANCE
diners-club-enroute	FINANCE
mastercard	FINANCE
visa-electron	FINANCE
diners-club-enroute	FINANCE
instapayment	FINANCE
switch	FINANCE
china-unionpay	FINANCE
jcb	FINANCE
mastercard	FINANCE
china-unionpay	FINANCE
jcb	FINANCE
diners-club-enroute	FINANCE
instapayment	FINANCE
switch	FINANCE
visa	FINANCE
jcb	FINANCE
diners-club-carte-blanche	FINANCE
jcb	FINANCE
visa-electron	FINANCE
switch	FINANCE
jcb	FINANCE
diners-club-enroute	FINANCE
jcb	FINANCE
visa-electron	FINANCE
switch	FINANCE
china-unionpay	FINANCE
americanexpress	FINANCE
diners-club-carte-blanche	FINANCE
jcb	FINANCE
visa-electron	FINANCE
jcb	FINANCE
mastercard	FINANCE
diners-club-carte-blanche	FINANCE
jcb	FINANCE
diners-club-enroute	FINANCE
switch	FINANCE
jcb	FINANCE
switch	FINANCE
laser	FINANCE
jcb	FINANCE
jcb	FINANCE
maestro	FINANCE
jcb	FINANCE
visa-electron	FINANCE
diners-club-enroute	FINANCE
visa	FINANCE
jcb	FINANCE
jcb	FINANCE
diners-club-us-ca	FINANCE
jcb	FINANCE
diners-club-international	FINANCE
diners-club-carte-blanche	FINANCE
americanexpress	FINANCE
jcb	FINANCE
mastercard	FINANCE
switch	FINANCE
jcb	FINANCE
jcb	FINANCE
switch	FINANCE
diners-club-international	FINANCE
jcb	FINANCE
bankcard	FINANCE
americanexpress	FINANCE
jcb	FINANCE
diners-club-enroute	FINANCE
jcb	FINANCE
switch	FINANCE
jcb	FINANCE
americanexpress	FINANCE
jcb	FINANCE
jcb	FINANCE
jcb	FINANCE
maestro	FINANCE
mastercard	FINANCE
diners-club-us-ca	FINANCE
jcb	FINANCE
maestro	FINANCE
americanexpress	FINANCE
diners-club-international	FINANCE
visa-electron	FINANCE
bankcard	FINANCE
jcb	FINANCE
diners-club-carte-blanche	FINANCE
switch	FINANCE
jcb	FINANCE
maestro	FINANCE
jcb	FINANCE
china-unionpay	FINANCE
maestro	FINANCE
china-unionpay	FINANCE
diners-club-enroute	FINANCE
americanexpress	FINANCE
jcb	FINANCE
china-unionpay	FINANCE
laser	FINANCE
bankcard	FINANCE
jcb	FINANCE
jcb	FINANCE
china-unionpay	FINANCE
americanexpress	FINANCE
jcb	FINANCE
jcb	FINANCE
switch	FINANCE
jcb	FINANCE
diners-club-carte-blanche	FINANCE
mastercard	FINANCE
jcb	FINANCE
jcb	FINANCE
jcb	FINANCE
visa-electron	FINANCE
jcb	FINANCE
jcb	FINANCE
jcb	FINANCE
jcb	FINANCE
jcb	FINANCE
switch	FINANCE
diners-club-carte-blanche	FINANCE
jcb	FINANCE
instapayment	FINANCE
jcb	FINANCE
jcb	FINANCE
jcb	FINANCE
visa-electron	FINANCE
jcb	FINANCE
jcb	FINANCE
jcb	FINANCE
jcb	FINANCE
jcb	FINANCE
bankcard	FINANCE
jcb	FINANCE
diners-club-carte-blanche	FINANCE
diners-club-enroute	FINANCE
jcb	FINANCE
mastercard	FINANCE
visa-electron	FINANCE
diners-club-enroute	FINANCE
bankcard	FINANCE
jcb	FINANCE
diners-club-carte-blanche	FINANCE
jcb	FINANCE
mastercard	FINANCE
jcb	FINANCE
jcb	FINANCE
jcb	FINANCE
jcb	FINANCE
americanexpress	FINANCE
diners-club-enroute	FINANCE
jcb	FINANCE
jcb	FINANCE
jcb	FINANCE
china-unionpay	FINANCE
visa-electron	FINANCE
jcb	FINANCE
jcb	FINANCE
diners-club-carte-blanche	FINANCE
jcb	FINANCE
jcb	FINANCE
switch	FINANCE
jcb	FINANCE
jcb	FINANCE
jcb	FINANCE
maestro	FINANCE
maestro	FINANCE
jcb	FINANCE
visa-electron	FINANCE
jcb	FINANCE
jcb	FINANCE
solo	FINANCE
visa-electron	FINANCE
visa-electron	FINANCE
switch	FINANCE
jcb	FINANCE
diners-club-us-ca	FINANCE
jcb	FINANCE
jcb	FINANCE
diners-club-us-ca	FINANCE
china-unionpay	FINANCE
jcb	FINANCE
jcb	FINANCE
jcb	FINANCE
solo	FINANCE
solo	FINANCE
diners-club-us-ca	FINANCE
diners-club-carte-blanche	FINANCE
bankcard	FINANCE
diners-club-us-ca	FINANCE
diners-club-enroute	FINANCE
bankcard	FINANCE
maestro	FINANCE
jcb	FINANCE
diners-club-us-ca	FINANCE
diners-club-enroute	FINANCE
visa-electron	FINANCE
jcb	FINANCE
mastercard	FINANCE
mastercard	FINANCE
jcb	FINANCE
jcb	FINANCE
visa-electron	FINANCE
mastercard	FINANCE
jcb	FINANCE
jcb	FINANCE
jcb	FINANCE
jcb	FINANCE
switch	FINANCE
mastercard	FINANCE
switch	FINANCE
jcb	FINANCE
instapayment	FINANCE
jcb	FINANCE
jcb	FINANCE
jcb	FINANCE
jcb	FINANCE
mastercard	FINANCE
china-unionpay	FINANCE
jcb	FINANCE
diners-club-carte-blanche	FINANCE
maestro	FINANCE
bankcard	FINANCE
jcb	FINANCE
mastercard	FINANCE
maestro	FINANCE
mastercard	FINANCE
jcb	FINANCE
diners-club-enroute	FINANCE
americanexpress	FINANCE
china-unionpay	FINANCE
switch	FINANCE
maestro	FINANCE
jcb	FINANCE
visa-electron	FINANCE
visa	FINANCE
switch	FINANCE
jcb	FINANCE
jcb	FINANCE
maestro	FINANCE
maestro	FINANCE
mastercard	FINANCE
mastercard	FINANCE
jcb	FINANCE
visa-electron	FINANCE
mastercard	FINANCE
jcb	FINANCE
diners-club-international	FINANCE
jcb	FINANCE
bankcard	FINANCE
jcb	FINANCE
laser	FINANCE
jcb	FINANCE
instapayment	FINANCE
bankcard	FINANCE
jcb	FINANCE
visa-electron	FINANCE
china-unionpay	FINANCE
jcb	FINANCE
americanexpress	FINANCE
jcb	FINANCE
diners-club-carte-blanche	FINANCE
jcb	FINANCE
mastercard	FINANCE
jcb	FINANCE
mastercard	FINANCE
mastercard	FINANCE
jcb	FINANCE
switch	FINANCE
mastercard	FINANCE
jcb	FINANCE
jcb	FINANCE
jcb	FINANCE
switch	FINANCE
laser	FINANCE
americanexpress	FINANCE
jcb	FINANCE
mastercard	FINANCE
americanexpress	FINANCE
americanexpress	FINANCE
jcb	FINANCE
jcb	FINANCE
jcb	FINANCE
bankcard	FINANCE
visa	FINANCE
jcb	FINANCE
maestro	FINANCE
jcb	FINANCE
visa-electron	FINANCE
china-unionpay	FINANCE
jcb	FINANCE
jcb	FINANCE
visa-electron	FINANCE
jcb	FINANCE
jcb	FINANCE
maestro	FINANCE
jcb	FINANCE
instapayment	FINANCE
jcb	FINANCE
jcb	FINANCE
jcb	FINANCE
jcb	FINANCE
bankcard	FINANCE
visa-electron	FINANCE
bankcard	FINANCE
americanexpress	FINANCE
jcb	FINANCE
mastercard	FINANCE
mastercard	FINANCE
jcb	FINANCE
jcb	FINANCE
instapayment	FINANCE
jcb	FINANCE
jcb	FINANCE
china-unionpay	FINANCE
maestro	FINANCE
maestro	FINANCE
jcb	FINANCE
jcb	FINANCE
switch	FINANCE
maestro	FINANCE
jcb	FINANCE
visa-electron	FINANCE
americanexpress	FINANCE
jcb	FINANCE
diners-club-carte-blanche	FINANCE
maestro	FINANCE
diners-club-us-ca	FINANCE
instapayment	FINANCE
jcb	FINANCE
jcb	FINANCE
maestro	FINANCE
jcb	FINANCE
diners-club-international	FINANCE
americanexpress	FINANCE
jcb	FINANCE
switch	FINANCE
china-unionpay	FINANCE
diners-club-enroute	FINANCE
jcb	FINANCE
jcb	FINANCE
visa-electron	FINANCE
jcb	FINANCE
jcb	FINANCE
solo	FINANCE
switch	FINANCE
maestro	FINANCE
jcb	FINANCE
americanexpress	FINANCE
jcb	FINANCE
maestro	FINANCE
mastercard	FINANCE
china-unionpay	FINANCE
jcb	FINANCE
china-unionpay	FINANCE
maestro	FINANCE
mastercard	FINANCE
maestro	FINANCE
jcb	FINANCE
jcb	FINANCE
jcb	FINANCE
switch	FINANCE
diners-club-us-ca	FINANCE
visa	FINANCE
jcb	FINANCE
jcb	FINANCE
jcb	FINANCE
jcb	FINANCE
americanexpress	FINANCE
jcb	FINANCE
jcb	FINANCE
visa-electron	FINANCE
jcb	FINANCE
laser	FINANCE
switch	FINANCE
mastercard	FINANCE
visa	FINANCE
mastercard	FINANCE
mastercard	FINANCE
china-unionpay	FINANCE
solo	FINANCE
diners-club-enroute	FINANCE
jcb	FINANCE
jcb	FINANCE
bankcard	FINANCE
mastercard	FINANCE
mastercard	FINANCE
visa	FINANCE
mastercard	FINANCE
diners-club-enroute	FINANCE
diners-club-enroute	FINANCE
jcb	FINANCE
jcb	FINANCE
mastercard	FINANCE
mastercard	FINANCE
switch	FINANCE
visa	FINANCE
jcb	FINANCE
mastercard	FINANCE
jcb	FINANCE
jcb	FINANCE
jcb	FINANCE
diners-club-us-ca	FINANCE
jcb	FINANCE
mastercard	FINANCE
jcb	FINANCE
jcb	FINANCE
jcb	FINANCE
jcb	FINANCE
laser	FINANCE
jcb	FINANCE
diners-club-carte-blanche	FINANCE
diners-club-us-ca	FINANCE
mastercard	FINANCE
switch	FINANCE
maestro	FINANCE
jcb	FINANCE
mastercard	FINANCE
americanexpress	FINANCE
jcb	FINANCE
laser	FINANCE
jcb	FINANCE
jcb	FINANCE
switch	FINANCE
mastercard	FINANCE
switch	FINANCE
switch	FINANCE
americanexpress	FINANCE
maestro	FINANCE
switch	FINANCE
maestro	FINANCE
maestro	FINANCE
jcb	FINANCE
jcb	FINANCE
maestro	FINANCE
instapayment	FINANCE
jcb	FINANCE
jcb	FINANCE
jcb	FINANCE
jcb	FINANCE
jcb	FINANCE
jcb	FINANCE
maestro	FINANCE
mastercard	FINANCE
switch	FINANCE
switch	FINANCE
china-unionpay	FINANCE
americanexpress	FINANCE
jcb	FINANCE
diners-club-carte-blanche	FINANCE
maestro	FINANCE
mastercard	FINANCE
switch	FINANCE
bankcard	FINANCE
jcb	FINANCE
jcb	FINANCE
china-unionpay	FINANCE
mastercard	FINANCE
jcb	FINANCE
visa-electron	FINANCE
mastercard	FINANCE
americanexpress	FINANCE
jcb	FINANCE
diners-club-enroute	FINANCE
bankcard	FINANCE
visa	FINANCE
jcb	FINANCE
visa-electron	FINANCE
jcb	FINANCE
instapayment	FINANCE
switch	FINANCE
bankcard	FINANCE
jcb	FINANCE
jcb	FINANCE
jcb	FINANCE
switch	FINANCE
diners-club-enroute	FINANCE
jcb	FINANCE
jcb	FINANCE
americanexpress	FINANCE
visa	FINANCE
bankcard	FINANCE
visa-electron	FINANCE
maestro	FINANCE
china-unionpay	FINANCE
jcb	FINANCE
jcb	FINANCE
maestro	FINANCE
bankcard	FINANCE
jcb	FINANCE
jcb	FINANCE
jcb	FINANCE
jcb	FINANCE
switch	FINANCE
jcb	FINANCE
jcb	FINANCE
jcb	FINANCE
mastercard	FINANCE
bankcard	FINANCE
jcb	FINANCE
china-unionpay	FINANCE
switch	FINANCE
jcb	FINANCE
switch	FINANCE
mastercard	FINANCE
mastercard	FINANCE
jcb	FINANCE
china-unionpay	FINANCE
jcb	FINANCE
diners-club-enroute	FINANCE
jcb	FINANCE
instapayment	FINANCE
mastercard	FINANCE
jcb	FINANCE
laser	FINANCE
jcb	FINANCE
jcb	FINANCE
visa-electron	FINANCE
jcb	FINANCE
switch	FINANCE
diners-club-enroute	FINANCE
jcb	FINANCE
jcb	FINANCE
jcb	FINANCE
mastercard	FINANCE
americanexpress	FINANCE
jcb	FINANCE
jcb	FINANCE
jcb	FINANCE
jcb	FINANCE
mastercard	FINANCE
americanexpress	FINANCE
mastercard	FINANCE
bankcard	FINANCE
diners-club-enroute	FINANCE
bankcard	FINANCE
jcb	FINANCE
visa-electron	FINANCE
jcb	FINANCE
jcb	FINANCE
mastercard	FINANCE
jcb	FINANCE
switch	FINANCE
mastercard	FINANCE
china-unionpay	FINANCE
americanexpress	FINANCE
visa-electron	FINANCE
diners-club-carte-blanche	FINANCE
laser	FINANCE
americanexpress	FINANCE
visa	FINANCE
jcb	FINANCE
visa-electron	FINANCE
jcb	FINANCE
jcb	FINANCE
diners-club-carte-blanche	FINANCE
jcb	FINANCE
diners-club-international	FINANCE
jcb	FINANCE
mastercard	FINANCE
diners-club-carte-blanche	FINANCE
maestro	FINANCE
laser	FINANCE
bankcard	FINANCE
jcb	FINANCE
jcb	FINANCE
switch	FINANCE
jcb	FINANCE
china-unionpay	FINANCE
diners-club-carte-blanche	FINANCE
visa	FINANCE
china-unionpay	FINANCE
jcb	FINANCE
laser	FINANCE
visa-electron	FINANCE
mastercard	FINANCE
jcb	FINANCE
mastercard	FINANCE
visa	FINANCE
visa	FINANCE
americanexpress	FINANCE
jcb	FINANCE
jcb	FINANCE
mastercard	FINANCE
maestro	FINANCE
diners-club-carte-blanche	FINANCE
diners-club-us-ca	FINANCE
diners-club-international	FINANCE
jcb	FINANCE
jcb	FINANCE
jcb	FINANCE
visa-electron	FINANCE
instapayment	FINANCE
switch	FINANCE
mastercard	FINANCE
switch	FINANCE
maestro	FINANCE
visa-electron	FINANCE
jcb	FINANCE
jcb	FINANCE
solo	FINANCE
americanexpress	FINANCE
diners-club-enroute	FINANCE
jcb	FINANCE
jcb	FINANCE
mastercard	FINANCE
diners-club-carte-blanche	FINANCE
visa-electron	FINANCE
china-unionpay	FINANCE
visa-electron	FINANCE
jcb	FINANCE
diners-club-enroute	FINANCE
maestro	FINANCE
laser	FINANCE
mastercard	FINANCE
visa	FINANCE
jcb	FINANCE
jcb	FINANCE
jcb	FINANCE
jcb	FINANCE
jcb	FINANCE
jcb	FINANCE
maestro	FINANCE
mastercard	FINANCE
jcb	FINANCE
bankcard	FINANCE
jcb	FINANCE
jcb	FINANCE
diners-club-carte-blanche	FINANCE
jcb	FINANCE
mastercard	FINANCE
jcb	FINANCE
bankcard	FINANCE
jcb	FINANCE
diners-club-enroute	FINANCE
bankcard	FINANCE
diners-club-carte-blanche	FINANCE
jcb	FINANCE
jcb	FINANCE
jcb	FINANCE
china-unionpay	FINANCE
jcb	FINANCE
mastercard	FINANCE
instapayment	FINANCE
maestro	FINANCE
jcb	FINANCE
maestro	FINANCE
mastercard	FINANCE
laser	FINANCE
jcb	FINANCE
instapayment	FINANCE
jcb	FINANCE
jcb	FINANCE
switch	FINANCE
jcb	FINANCE
mastercard	FINANCE
china-unionpay	FINANCE
mastercard	FINANCE
jcb	FINANCE
jcb	FINANCE
maestro	FINANCE
mastercard	FINANCE
mastercard	FINANCE
maestro	FINANCE
china-unionpay	FINANCE
maestro	FINANCE
jcb	FINANCE
jcb	FINANCE
jcb	FINANCE
mastercard	FINANCE
diners-club-enroute	FINANCE
jcb	FINANCE
diners-club-enroute	FINANCE
maestro	FINANCE
switch	FINANCE
jcb	FINANCE
jcb	FINANCE
jcb	FINANCE
mastercard	FINANCE
visa-electron	FINANCE
diners-club-carte-blanche	FINANCE
switch	FINANCE
china-unionpay	FINANCE
laser	FINANCE
jcb	FINANCE
mastercard	FINANCE
mastercard	FINANCE
diners-club-carte-blanche	FINANCE
visa-electron	FINANCE
visa-electron	FINANCE
jcb	FINANCE
jcb	FINANCE
mastercard	FINANCE
jcb	FINANCE
jcb	FINANCE
americanexpress	FINANCE
jcb	FINANCE
diners-club-carte-blanche	FINANCE
jcb	FINANCE
jcb	FINANCE
maestro	FINANCE
switch	FINANCE
diners-club-enroute	FINANCE
